enrollment_id,student_name,enrollment_date,course_id
1,sakshi,1/15/2024,1
2,vaishnavi,1/20/2024,2
3,sejal,2/1/2024,3
4,vanshika,2/10/2024,4
5,kumud,3/1/2024,5
6,sakshi,1/15/2024,1
7,vaishnavi,1/20/2024,2
8,sejal,2/1/2024,3
9,vanshika,2/10/2024,4
10,kumud,3/1/2024,5
11,sakshi,1/15/2024,1
12,vaishnavi,1/20/2024,2
13,sejal,2/1/2024,3
14,vanshika,2/10/2024,4
15,kumud,3/1/2024,5
31,vaishnavi,1/20/2024,2
32,sejal,2/1/2024,3
33,vanshika,2/10/2024,4
34,kumud,3/1/2024,5
35,sakshi,1/15/2024,1
36,vaishnavi,1/20/2024,2
37,sejal,2/1/2024,3
38,vanshika,2/10/2024,4
39,kumud,3/1/2024,5
40,sakshi,1/15/2024,1
41,vaishnavi,1/20/2024,2
42,sejal,2/1/2024,3
43,vanshika,2/10/2024,4
44,kumud,3/1/2024,5
45,sakshi,1/15/2024,1
46,vaishnavi,1/20/2024,2
47,sejal,2/1/2024,3
48,vanshika,2/10/2024,4
49,kumud,3/1/2024,5
50,sakshi,1/15/2024,1
51,vaishnavi,1/20/2024,2
52,sejal,2/1/2024,3
53,vanshika,2/10/2024,4
54,kumud,3/1/2024,5
55,sakshi,1/15/2024,1
56,vaishnavi,1/20/2024,2
57,sejal,2/1/2024,3
58,vanshika,2/10/2024,4
59,kumud,3/1/2024,5
60,sakshi,1/15/2024,1
61,vaishnavi,1/20/2024,2
62,sejal,2/1/2024,3
63,vanshika,2/10/2024,4
64,kumud,3/1/2024,5
65,sejal,2/1/2024,3
66,vanshika,2/10/2024,4
67,kumud,3/1/2024,5
68,sakshi,1/15/2024,1
69,vaishnavi,1/20/2024,2
70,sejal,2/1/2024,3
71,vanshika,2/10/2024,4
72,kumud,3/1/2024,5
73,sejal,2/1/2024,3
74,vanshika,2/10/2024,4
75,kumud,3/1/2024,5
76,sakshi,1/15/2024,1
77,vaishnavi,1/20/2024,2
78,sejal,2/1/2024,3
79,vanshika,2/10/2024,4
80,kumud,3/1/2024,5
81,sejal,2/1/2024,3
82,vanshika,2/10/2024,4
83,kumud,3/1/2024,5
84,sakshi,1/15/2024,1
85,vaishnavi,1/20/2024,2
86,sejal,2/1/2024,3
87,vanshika,2/10/2024,4
88,kumud,3/1/2024,5
90,sejal,2/1/2024,3
91,vanshika,2/10/2024,4
92,kumud,3/1/2024,5
93,sakshi,1/15/2024,1
94,vaishnavi,1/20/2024,2
95,sejal,2/1/2024,3
96,vanshika,2/10/2024,4
97,kumud,3/1/2024,5
98,vaishnavi,1/20/2024,2
99,sejal,2/1/2024,3
100,vanshika,2/10/2024,4
110,vanshika,2/10/2024,4
111,kumud,3/1/2024,5
112,sejal,2/1/2024,3
113,vanshika,2/10/2024,4
114,sakshi,1/15/2024,1
115,vaishnavi,1/20/2024,2
116,sejal,2/1/2024,3
117,vanshika,2/10/2024,4
118,kumud,3/1/2024,5
119,sejal,2/1/2024,3
120,vanshika,2/10/2024,4
121,vaishnavi,1/20/2024,4
122,sejal,2/1/2024,4
123,vanshika,2/2/2024,4
124,kumud,2/3/2024,4
125,kumud,2/4/2024,4
126,kumud,2/5/2024,4
127,kumud,2/6/2024,4
128,kumud,2/7/2024,4
129,kumud,2/8/2024,4
130,kumud,2/9/2024,4
131,kumud,2/10/2024,4
132,kumud,2/11/2024,4
133,kumud,2/12/2024,4
134,kumud,2/13/2024,4
135,kumud,2/14/2024,4
136,kumud,2/15/2024,4
137,kumud,2/16/2024,4
138,kumud,2/17/2024,4
139,kumud,2/18/2024,4
140,kumud,2/19/2024,4
141,kumud,2/20/2024,4
142,kumud,2/21/2024,4
143,kumud,2/22/2024,4
144,kumud,2/23/2024,4
145,kumud,2/24/2024,4
146,kumud,2/25/2024,4
147,kumud,2/26/2024,4
148,kumud,2/27/2024,4
149,kumud,2/28/2024,4
150,kumud,2/29/2024,4
151,kumud,3/1/2024,4
152,kumud,3/2/2024,4
153,kumud,3/3/2024,4
154,kumud,3/4/2024,4
156,kumud,3/5/2024,4
157,kumud,3/6/2024,4
158,kumud,3/7/2024,4
159,kumud,3/8/2024,4
160,kumud,3/9/2024,4
161,kumud,3/10/2024,4
162,kumud,3/11/2024,4
163,kumud,3/12/2024,4
164,kumud,3/13/2024,4
165,kumud,3/14/2024,4
166,kumud,3/15/2024,4
167,kumud,3/16/2024,4
168,kumud,3/17/2024,4
169,kumud,3/18/2024,4
170,kumud,3/19/2024,4
171,kumud,3/20/2024,4
172,kumud,3/21/2024,4
173,kumud,3/22/2024,4
174,kumud,3/23/2024,4
175,kumud,3/24/2024,4
176,kumud,3/25/2024,4
177,kumud,3/26/2024,4
178,kumud,3/27/2024,4
179,kumud,3/28/2024,4
180,kumud,3/29/2024,4
181,kumud,3/30/2024,4
182,kumud,3/31/2024,4
183,kumud,4/1/2024,4
184,kumud,4/2/2024,4
185,kumud,4/3/2024,4
186,kumud,4/4/2024,4
187,kumud,4/5/2024,4
188,kumud,4/6/2024,4
189,kumud,4/7/2024,4
190,kumud,4/8/2024,4
191,kumud,4/9/2024,4
192,kumud,4/10/2024,4
193,kumud,4/11/2024,4
194,kumud,4/12/2024,4
195,kumud,4/13/2024,4
196,kumud,4/14/2024,4
197,kumud,4/15/2024,4
198,kumud,4/16/2024,4
199,kumud,4/17/2024,4
200,kumud,4/18/2024,4
